addCustomer,2026-05-07T21:21:43.331553200
addCustomer,2026-05-07T21:21:43.347500300
addCustomer,2026-05-07T21:21:43.347500300
addDriver,2026-05-07T21:21:43.347500300
addDriver,2026-05-07T21:21:43.347500300
addDriver,2026-05-07T21:21:43.347500300
addRestaurant,2026-05-07T21:21:43.347500300
addRestaurant,2026-05-07T21:21:43.347500300
addRestaurant,2026-05-07T21:21:43.347500300
addRestaurant,2026-05-07T21:21:43.347500300
addRestaurant,2026-05-07T21:21:43.347500300
addMenuItemToRestaurant,2026-05-07T21:21:43.347500300
addMenuItemToRestaurant,2026-05-07T21:21:43.347500300
addMenuItemToRestaurant,2026-05-07T21:21:43.356817
addMenuItemToRestaurant,2026-05-07T21:21:43.356817
addMenuItemToRestaurant,2026-05-07T21:21:43.357333900
addMenuItemToRestaurant,2026-05-07T21:21:43.357333900
addMenuItemToRestaurant,2026-05-07T21:21:43.357333900
addMenuItemToRestaurant,2026-05-07T21:21:43.357333900
addMenuItemToRestaurant,2026-05-07T21:21:43.358731200
addMenuItemToRestaurant,2026-05-07T21:21:43.358731200
addMenuItemToRestaurant,2026-05-07T21:21:43.358731200
addMenuItemToRestaurant,2026-05-07T21:21:43.358731200
addMenuItemToRestaurant,2026-05-07T21:21:43.358731200
addMenuItemToRestaurant,2026-05-07T21:21:43.358731200
addMenuItemToRestaurant,2026-05-07T21:21:43.358731200
addMenuItemToRestaurant,2026-05-07T21:21:43.358731200
addMenuItemToRestaurant,2026-05-07T21:21:43.358731200
addMenuItemToRestaurant,2026-05-07T21:21:43.358731200
addMenuItemToRestaurant,2026-05-07T21:21:43.358731200
addMenuItemToRestaurant,2026-05-07T21:21:43.358731200
addMenuItemToRestaurant,2026-05-07T21:21:43.358731200
addMenuItemToRestaurant,2026-05-07T21:21:43.358731200
addMenuItemToRestaurant,2026-05-07T21:21:43.358731200
addMenuItemToRestaurant,2026-05-07T21:21:43.358731200
addMenuItemToRestaurant,2026-05-07T21:21:43.358731200
placeOrder,2026-05-07T21:21:43.367403800
placeOrder,2026-05-07T21:21:43.367403800
confirmOrder,2026-05-07T21:21:43.367403800
markOrderReady,2026-05-07T21:21:43.367403800
deliverOrder,2026-05-07T21:21:43.367403800
submitReview,2026-05-07T21:21:43.373167300
placeOrder,2026-05-07T21:21:43.373505800
confirmOrder,2026-05-07T21:21:43.373505800
markOrderReady,2026-05-07T21:21:43.373818800
deliverOrder,2026-05-07T21:21:43.373818800
submitReview,2026-05-07T21:21:43.373818800
addCustomer,2026-05-07T21:21:44.367395400
addCustomer,2026-05-07T21:21:44.390980300
addCustomer,2026-05-07T21:21:44.390980300
addDriver,2026-05-07T21:21:44.392981500
addDriver,2026-05-07T21:21:44.392981500
addDriver,2026-05-07T21:21:44.393981200
addRestaurant,2026-05-07T21:21:44.400416900
addRestaurant,2026-05-07T21:21:44.401417200
addRestaurant,2026-05-07T21:21:44.401417200
addRestaurant,2026-05-07T21:21:44.401417200
addRestaurant,2026-05-07T21:21:44.401417200
addMenuItemToRestaurant,2026-05-07T21:21:44.404415
addMenuItemToRestaurant,2026-05-07T21:21:44.404415
addMenuItemToRestaurant,2026-05-07T21:21:44.404415
addMenuItemToRestaurant,2026-05-07T21:21:44.404415
addMenuItemToRestaurant,2026-05-07T21:21:44.405416800
addMenuItemToRestaurant,2026-05-07T21:21:44.405416800
addMenuItemToRestaurant,2026-05-07T21:21:44.405416800
addMenuItemToRestaurant,2026-05-07T21:21:44.405416800
addMenuItemToRestaurant,2026-05-07T21:21:44.405416800
addMenuItemToRestaurant,2026-05-07T21:21:44.405416800
addMenuItemToRestaurant,2026-05-07T21:21:44.406417900
addMenuItemToRestaurant,2026-05-07T21:21:44.406417900
addMenuItemToRestaurant,2026-05-07T21:21:44.406417900
addMenuItemToRestaurant,2026-05-07T21:21:44.406925900
addMenuItemToRestaurant,2026-05-07T21:21:44.407434100
addMenuItemToRestaurant,2026-05-07T21:21:44.407434100
addMenuItemToRestaurant,2026-05-07T21:21:44.407434100
addMenuItemToRestaurant,2026-05-07T21:21:44.407434100
addMenuItemToRestaurant,2026-05-07T21:21:44.407434100
addMenuItemToRestaurant,2026-05-07T21:21:44.408443300
addMenuItemToRestaurant,2026-05-07T21:21:44.408443300
addMenuItemToRestaurant,2026-05-07T21:21:44.408443300
addMenuItemToRestaurant,2026-05-07T21:21:44.408443300
addMenuItemToRestaurant,2026-05-07T21:21:44.409450100
addMenuItemToRestaurant,2026-05-07T21:21:44.409450100
placeOrder,2026-05-07T21:21:44.420552100
placeOrder,2026-05-07T21:21:44.420552100
confirmOrder,2026-05-07T21:21:44.421550800
markOrderReady,2026-05-07T21:21:44.421550800
deliverOrder,2026-05-07T21:21:44.422553100
submitReview,2026-05-07T21:21:44.423559200
placeOrder,2026-05-07T21:21:44.423559200
confirmOrder,2026-05-07T21:21:44.423559200
markOrderReady,2026-05-07T21:21:44.424554300
deliverOrder,2026-05-07T21:21:44.424554300
submitReview,2026-05-07T21:21:44.424554300
addCustomer,2026-05-07T21:21:59.714717200
placeOrder,2026-05-07T21:22:37.512359400
confirmOrder,2026-05-07T21:22:44.106850300
markOrderReady,2026-05-07T21:22:51.371166200
deliverOrder,2026-05-07T21:22:57.223459500
reorder,2026-05-07T21:23:12.339859100
confirmOrder,2026-05-07T21:23:14.008257900
markOrderReady,2026-05-07T21:23:14.590539100
deliverOrder,2026-05-07T21:23:16.033834600
submitReview,2026-05-07T21:23:27.415506400
addCustomer,2026-05-07T21:24:42.019450500
addCustomer,2026-05-07T21:24:42.028694100
addCustomer,2026-05-07T21:24:42.028694100
addDriver,2026-05-07T21:24:42.028694100
addDriver,2026-05-07T21:24:42.028694100
addDriver,2026-05-07T21:24:42.028694100
addRestaurant,2026-05-07T21:24:42.037524100
addRestaurant,2026-05-07T21:24:42.037524100
addRestaurant,2026-05-07T21:24:42.037524100
addRestaurant,2026-05-07T21:24:42.037524100
addRestaurant,2026-05-07T21:24:42.037524100
addMenuItemToRestaurant,2026-05-07T21:24:42.037524100
addMenuItemToRestaurant,2026-05-07T21:24:42.037524100
addMenuItemToRestaurant,2026-05-07T21:24:42.037524100
addMenuItemToRestaurant,2026-05-07T21:24:42.037524100
addMenuItemToRestaurant,2026-05-07T21:24:42.037524100
addMenuItemToRestaurant,2026-05-07T21:24:42.037524100
addMenuItemToRestaurant,2026-05-07T21:24:42.037524100
addMenuItemToRestaurant,2026-05-07T21:24:42.037524100
addMenuItemToRestaurant,2026-05-07T21:24:42.037524100
addMenuItemToRestaurant,2026-05-07T21:24:42.037524100
addMenuItemToRestaurant,2026-05-07T21:24:42.037524100
addMenuItemToRestaurant,2026-05-07T21:24:42.037524100
addMenuItemToRestaurant,2026-05-07T21:24:42.046600
addMenuItemToRestaurant,2026-05-07T21:24:42.046600
addMenuItemToRestaurant,2026-05-07T21:24:42.046600
addMenuItemToRestaurant,2026-05-07T21:24:42.046600
addMenuItemToRestaurant,2026-05-07T21:24:42.046600
addMenuItemToRestaurant,2026-05-07T21:24:42.047634700
addMenuItemToRestaurant,2026-05-07T21:24:42.047634700
addMenuItemToRestaurant,2026-05-07T21:24:42.047634700
addMenuItemToRestaurant,2026-05-07T21:24:42.047634700
addMenuItemToRestaurant,2026-05-07T21:24:42.047634700
addMenuItemToRestaurant,2026-05-07T21:24:42.047634700
addMenuItemToRestaurant,2026-05-07T21:24:42.047634700
addMenuItemToRestaurant,2026-05-07T21:24:42.047634700
placeOrder,2026-05-07T21:24:42.055317500
placeOrder,2026-05-07T21:24:42.055317500
confirmOrder,2026-05-07T21:24:42.055317500
markOrderReady,2026-05-07T21:24:42.055317500
deliverOrder,2026-05-07T21:24:42.056824900
submitReview,2026-05-07T21:24:42.057347100
placeOrder,2026-05-07T21:24:42.057347100
confirmOrder,2026-05-07T21:24:42.057347100
markOrderReady,2026-05-07T21:24:42.057347100
deliverOrder,2026-05-07T21:24:42.058356800
submitReview,2026-05-07T21:24:42.058356800
addCustomer,2026-05-07T21:24:45.852492500
